Period,SG,SN,SV,BG,BN,BV
192607,1.3724,0.9081,-0.0695,5.7168,1.9642,1.4222
192608,0.6095,1.5075,5.3842,2.7154,2.6838,6.3154
192609,-2.6779,-0.1359,-0.4374,1.4287,0.0709,-0.7967
192610,-3.5365,-4.3572,-2.0112,-3.5898,-2.346,-4.097
192611,3.121,3.6608,2.0944,3.1292,2.8965,3.4614
192612,2.7364,1.8411,3.2639,2.9678,2.6067,2.395
192701,-1.0001,-0.3782,3.9316,-0.2621,0.0347,4.4635
192702,3.9022,6.3784,6.6192,5.0044,3.5568,8.6305
192703,-1.6,-0.9889,-3.1676,1.3025,0.2071,-2.4764
192704,-1.3184,0.8741,3.4796,3.051,-0.7634,-0.5452
192705,5.5482,3.3467,13.3256,5.4076,5.1017,7.4921
192706,-1.5484,1.304,-3.9474,-0.9628,-3.0156,-1.6326
192707,4.3331,5.2347,3.9846,9.2369,6.7429,7.2603
192708,2.3503,-2.2044,0.86,3.9191,1.2181,-1.9651
192709,2.3981,2.2316,0.399,5.3864,4.3919,5.9674
192710,-0.1633,-2.1458,-5.8357,-3.6349,-4.284,-6.6219
192711,10.4346,8.062,10.2275,7.056,6.7676,6.6346
192712,5.5505,2.6016,2.4506,2.4954,1.8547,3.4755
192801,3.2031,2.7804,3.5948,-0.4774,-0.3667,-2.3168
192802,-4.7913,-1.7203,-4.1271,-0.6762,-1.1395,-2.7296
192803,7.393,8.6229,9.457,12.28,6.1327,7.8254
192804,4.2158,10.6845,9.9723,2.9145,6,4.4979
192805,7.5326,1.954,2.574,2.6065,-0.1128,0.6388
192806,-8.5131,-8.3044,-6.8294,-3.6094,-4.1224,-5.4164
192807,-0.4048,-0.4017,-0.8867,1.359,0.1098,0.9017
192808,6.124,5.0517,3.699,8.7368,5.3867,6.9468
192809,5.7317,4.4538,6.1762,2.9576,1.9153,4.4896
192810,6.8299,3.1244,1.6621,1.359,1.4325,2.0067
192811,8.6705,11.1936,12.2831,11.1602,13.2781,13.1497
192812,0.9055,-0.5953,-0.6462,0.9332,0.0018,1.2917
192901,-0.034,1.9379,1.448,6.5262,4.8294,2.6307
192902,0.7414,1.1014,0.382,-0.5791,0.8403,3.1476
192903,-5.9533,-3.4602,-4.0571,-1.3835,2.2097,-0.0642
192904,-0.0822,2.7549,0.5004,2.2172,1.1096,2.8362
192905,-10.2009,-9.3603,-12.5598,-5.7297,-4.1597,-6.1709
192906,6.9673,9.4356,6.4064,12.4593,9.3446,7.5052
192907,-0.0681,-0.7029,3.8633,3.5656,6.2018,4.9529
192908,-0.8885,-0.4641,-0.4544,7.272,12.543,6.9497
192909,-4.2569,-4.3105,-3.6218,-4.4211,-4.9685,-6.3175
192910,-21.7261,-19.3351,-19.8329,-24.1865,-14.0943,-10.3723
192911,-16.4096,-9.7926,-12.3366,-14.2535,-10.9314,-7.6677
192912,-2.7511,-3.1295,-1.8488,3.3988,0.551,1.317
193001,6.2347,9.4133,8.4631,7.1735,3.3849,2.9221
193002,1.3502,1.2599,4.3779,3.4639,1.9009,1.2221
193003,9.0009,11.0406,10.7647,6.816,8.3445,5.3573
193004,-6.0956,-1.772,-3.4814,-2.361,-1.7312,-6.6523
193005,-3.7611,-2.3202,-2.9578,0.7061,-2.2694,-1.365
193006,-16.933,-16.66,-18.9287,-17.849,-13.1218,-11.8439
193007,6.5208,3.728,2.5406,4.4017,4.2198,5.2644
193008,-3.7646,-1.6135,-2.5073,1.1969,-0.8,-1.6232
193009,-13.6823,-14.6721,-19.1619,-12.0325,-11.7394,-17.0858
193010,-10.1007,-7.6801,-10.7443,-9.4278,-7.3264,-11.4835
193011,0.2231,-2.7838,-2.6023,-2.3616,-2.8339,-6.6002
193012,-10.4113,-11.0266,-17.2866,-5.8057,-9.1776,-9.7245
193101,9.8982,11.3602,15.3447,4.717,6.9823,13.5911
193102,13.1802,11.6577,17.0974,12.8706,6.7357,12.1756
193103,-4.3393,-2.9204,-6.9747,-4.1971,-10.3577,-8.8826
193104,-12.8802,-14.0212,-18.244,-8.8412,-11.107,-11.349
193105,-9.6516,-8.7006,-13.8368,-11.3932,-15.9343,-20.363
193106,10.1107,7.7295,20.3215,12.8509,16.1956,25.2657
193107,-8.5867,-8.9411,-5.7363,-5.1668,-10.1775,-12.2143
193108,-1.6114,-1.1797,-3.7504,0.8986,-1.5948,0.0531
193109,-26.5722,-30.0521,-33.8286,-28.8671,-28.1493,-35.1131
193110,4.2319,9.2071,5.4593,9.5401,3.2588,11.7214
193111,-7.7335,-7.2915,-9.3902,-6.1288,-16.6307,-14.5665
193112,-13.7987,-16.5088,-22.4192,-11.5667,-18.8221,-20.6686
193201,2.4924,3.9264,10.5116,-3.4347,1.9132,6.6353
193202,-2.4754,1.9822,1.3833,7.1142,1.7366,0.3507
193203,-10.5259,-12.1366,-10.6244,-10.2031,-15.1403,-14.746
193204,-19.3072,-17.1449,-16.043,-18.1275,-20.1476,-18.5418
193205,-17.1387,-24.84,-16.9055,-19.2184,-25.9531,-25.436
193206,0.954,6.2481,0.9954,-1.711,0.0545,8.8476
193207,31.9157,36.1125,63.2475,28.1955,48.6209,67.7847
193208,48.7253,55.3725,83.5754,31.3211,50.9661,62.5277
193209,-2.8086,-4.5841,-12.4737,-1.0366,-6.5149,-5.0087
193210,-16.2523,-19.645,-23.8672,-10.7514,-17.5126,-23.2272
193211,-0.2993,-8.2786,-13.2053,-2.7223,-8.9288,-16.3816
193212,-5.157,-4.2529,-11.0792,6.8503,1.0438,-3.5633
193301,4.3939,1.3914,8.0722,-0.012,3.0297,8.7685
193302,-17.8502,-18.4137,-20.8881,-14.9493,-16.5816,-17.3738
193303,7.0768,6.1577,16.0332,0.9569,9.8608,6.7577
193304,45.443,54.8024,56.561,33.739,51.8933,57.4905
193305,59.9375,62.1965,73.3394,16.9717,26.7781,41.626
193306,32.939,23.3035,18.2645,11.3683,15.5089,21.9496
193307,-14.1385,-12.7712,-7.2418,-8.8583,-13.0573,-9.2208
193308,10.5585,10.1102,8.2144,10.5958,15.7784,18.8615
193309,-7.6121,-13.3352,-20.9042,-9.1454,-12.3603,-19.3866
193310,-8.4949,-12.42,-13.8362,-6.1614,-10.5922,-17.7448
193311,4.4492,4.6618,6.1086,9.69,12.2772,12.6924
193312,4.7702,4.0567,0.4565,2.1093,1.8286,3.3536
193401,21.5203,28.5643,38.3403,9.8669,16.8246,24.1368
193402,-0.2935,1.1796,5.3723,-2.3815,-3.1241,-3.81
193403,4.7722,2.0674,-0.0727,-0.0029,-0.1362,-0.62
193404,2.8356,-1.317,-1.8303,-1.778,-2.3152,-4.616
193405,-7.3381,-9.8907,-12.0504,-6.4033,-8.5879,-13.5106
193406,3.7672,0.0811,-2.31,2.628,2.4811,2.8615
193407,-18.0226,-21.5042,-24.4253,-8.311,-11.7051,-23.179
193408,10.9235,9.4125,12.1272,6.0718,4.4464,5.7691
193409,-0.9255,-0.5806,-3.5104,-0.2597,-0.1487,-0.105
193410,-0.925,-1.638,-4.1891,-0.4115,-2.708,-7.369
193411,17.4218,15.4433,12.5328,10.2402,5.0137,10.6573
193412,4.9409,1.7554,1.5191,0.7507,0.5333,-2.2372
193501,-5.5523,-3.3988,-2.9638,-3.0099,-2.8838,-9.3128
193502,-3.5225,-4.8589,-5.9285,-0.8581,-1.6838,-12.9875
193503,-5.9234,-7.4692,-11.3546,-2.9715,-3.3289,-7.7499
193504,6.7174,9.3484,10.3838,8.0311,9.8871,13.0598
193505,-2.6657,2.3317,1.6295,3.137,4.339,3.957
193506,5.8129,5.9262,0.806,6.3821,5.6136,8.0813
193507,9.1528,12.9358,12.7537,6.9882,6.3196,17.1148
193508,4.2227,8.6796,14.4462,2.5694,2.2001,3.7475
193509,5.0917,5.5331,0.5575,4.6757,0.6768,1.1198
193510,10.9064,10.8105,6.8068,6.6016,7.9769,6.0328
193511,6.6969,10.385,18.9743,3.0389,5.6087,14.5739
193512,5.7713,10.1904,2.2152,2.9835,5.8064,8.6858
193601,10.3194,7.7731,22.3771,3.2881,9.5299,12.2406
193602,1.901,6.5497,6.7824,1.9137,2.806,7.1039
193603,0.5096,2.3088,0.8324,2.6378,0.0632,-1.0088
193604,-14.3931,-14.0147,-15.464,-7.1563,-8.3505,-10.2494
193605,4.9011,5.6286,8.6767,5.0578,5.1107,6.5508
193606,-2.208,-0.2832,-1.2498,3.6325,2.1402,0.2676
193607,10.6321,7.6218,9.4742,5.919,6.1995,12.2012
193608,0.6464,2.2704,4.615,0.2916,0.7816,4.3069
193609,2.2261,4.9643,4.4676,0.9227,1.0988,0.4333
193610,3.7136,6.4885,6.5107,6.4225,8.7962,8.6599
193611,10.8717,9.0679,13.0248,3.3927,3.1473,-0.5944
193612,2.0356,3.414,7.0026,-1.8345,2.3561,1.1085
193701,7.178,7.3432,9.716,3.6451,1.3462,6.3247
193702,3.2757,1.6855,6.2355,-0.2192,0.8159,6.9216
193703,-3.0069,-0.057,1.8986,-1.7373,-0.2096,6.1275
193704,-10.089,-11.5677,-13.3505,-6.8235,-6.1092,-10.7778
193705,-0.3362,-0.9886,-4.1008,0.2432,-0.7186,-2.9798
193706,-7.2192,-7.7152,-10.3393,-4.1579,-2.7006,-7.4626
193707,10.9193,8.9913,10.7833,9.2027,7.9646,10.9736
193708,-4.641,-5.0783,-5.5789,-4.21,-4.5854,-7.7724
193709,-20.8237,-20.8254,-23.052,-12.3496,-12.4049,-19.2657
193710,-10.7815,-10.2588,-9.7797,-10.1749,-7.5754,-14.4157
193711,-11.5268,-12.2952,-11.7113,-8.7393,-7.6937,-8.1625
193712,-14.1157,-10.5934,-12.2906,-4.1175,-2.8726,-6.7316
193801,4.9809,6.5079,3.7399,1.3091,-0.3348,-0.6467
193802,8.4291,5.6035,4.7735,6.3853,5.3825,5.995
193803,-29.9158,-28.9745,-30.1419,-23.5181,-22.4597,-30.3243
193804,22.0838,20.7285,20.397,13.8077,14.4371,15.8488
193805,-7.4715,-7.6475,-5.5424,-3.5564,-3.6497,-6.0495
193806,31.2478,30.0194,27.5574,25.7265,20.9273,30.0253
193807,13.4374,14.4896,15.3633,6.7918,7.3085,9.2224
193808,-4.5933,-5.1113,-9.2856,-0.432,-6.067,-5.1808
193809,-1.8834,-2.5023,-2.7862,1.36,0.6107,-0.971
193810,14.1329,14.7573,16.9041,6.9259,7.2132,14.1797
193811,-5.1969,-2.6663,-5.9225,-1.1168,-2.1445,-2.8592
193812,6.0349,3.7143,1.5522,3.3787,4.4694,8.8637
193901,-8.0596,-8.9052,-10.1457,-5.2583,-6.1505,-11.0166
193902,3.9273,5.0675,6.2899,3.3494,3.1479,6.8947
193903,-17.7969,-18.4864,-22.8516,-9.8437,-13.6458,-21.3665
193904,-0.4922,0.1285,1.9743,-0.1355,-0.0485,-3.1968
193905,11.2969,9.0561,9.8655,6.8972,5.6072,9.2768
193906,-6.8167,-7.9144,-10.6753,-4.4207,-6.5532,-11.3783
193907,16.1292,16.6985,13.6444,11.3137,8.4488,13.7364
193908,-12.3681,-11.9915,-12.61,-6.309,-5.9193,-10.9033
193909,37.6978,39.2998,54.9528,13.5797,16.9053,40.771
193910,0.4561,-0.5783,-5.0048,0.028,-0.8229,-4.2992
193911,-7.8325,-9.3925,-13.814,-2.6176,-3.6667,-9.5542
193912,5.9303,3.0379,0.3533,3.5574,2.3632,1.0169
194001,-4.1988,-2.1344,-2.7571,-2.1568,-2.4994,-5.1435
194002,4.0588,4.3883,3.1703,1.2492,1.345,1.489
194003,4.6939,2.8608,2.2719,2.3725,1.4575,2.2556
194004,4.7401,3.1906,4.0938,-0.1263,0.1167,0.2697
194005,-27.7724,-27.44,-32.4414,-22.0718,-20.8034,-24.7879
194006,4.4242,5.0042,7.9865,4.9455,8.2385,10.6339
194007,4.717,4.7178,3.3227,3.3873,3.0418,3.299
194008,2.0524,3.1824,1.8886,2.1928,1.7831,3.4847
194009,5.3698,4.5125,5.2039,3.1522,1.21,1.0582
194010,4.2145,5.6715,6.2944,0.8953,6.3562,8.0971
194011,1.1473,0.5385,0.1738,-1.9212,-1.3367,-0.7062
194012,-0.8918,-1.4655,-2.2785,0.5934,1.017,0.1971
194101,-4.4429,-2.6498,-0.3066,-5.0365,-3.8489,-1.5198
194102,-3.4695,-1.8055,-2.8879,-1.5847,-1.4892,-0.389
194103,0.5236,1.13,3.7745,0.5444,1.212,3.378
194104,-7.5563,-5.4015,-5.2001,-6.497,-4.5637,-2.035
194105,1.7628,0.667,1.5458,0.9481,2.6345,2.3634
194106,4.1184,6.1938,8.46,6.1753,5.6174,3.0109
194107,10.4387,10.1575,18.5406,3.7262,8.1838,10.1236
194108,-1.1591,-2.1235,-0.3954,0.6862,-0.8566,-2.2697
194109,-3.0405,-1.8377,-1.9489,-0.0105,-2.1937,-1.6652
194110,-5.8203,-6.269,-6.0101,-6.0976,-3.2927,-2.6528
194111,-1.0629,-4.1846,-2.921,-2.2704,-0.5645,-1.6913
194112,-5.4399,-8.4826,-12.6548,-4.6824,-3.5964,-9.3443
194201,6.7111,10.7165,14.4866,-1.7916,0.505,10.6422
194202,0.5247,-1.103,-1.7045,-2.3068,-2.7966,-2.3449
194203,-4.7636,-3.6606,-5.7196,-5.83,-7.5457,-6.1045
194204,-6.1855,-3.8173,-3.7407,-4.5876,-4.4955,-2.8527
194205,0.1524,2.0704,1.65,7.4477,4.9379,0.6445
194206,1.0092,1.4019,2.3613,3.0527,2.6059,2.7837
194207,5.168,3.7718,5.1232,2.6864,4.3154,7.5371
194208,2.2429,2.586,2.4943,1.7161,1.7422,4.1208
194209,2.1868,2.8551,5.9863,2.6162,2.8245,3.6029
194210,8.291,7.9106,14.4969,5.3109,7.8747,12.0528
194211,-1.0955,-2.4747,-4.0858,1.0982,0.2502,-4.3893
194212,2.6024,4.0841,2.6297,4.8847,5.9162,5.9799
194301,11.6914,13.9214,23.8088,5.3474,8.0235,9.6978
194302,10.8494,9.1945,17.482,4.8117,7.0044,11.1942
194303,10.9334,11.5343,14.9621,4.1328,7.138,11.0704
194304,-0.9484,2.6106,8.1616,-0.104,1.2483,2.5081
194305,8.8391,8.9676,13.2925,5.0198,5.7231,7.127
194306,-0.2795,0.8217,0.4097,2.1659,1.9685,-0.0012
194307,-5.1729,-6.7858,-9.086,-4.762,-3.6714,-5.3886
194308,0.3627,0.0733,0.7239,1.5011,1.3117,0.2062
194309,2.9273,3.0298,5.415,2.2046,2.7272,2.5854
194310,-0.6849,-0.3355,0.7697,-1.4472,-0.9474,0.3918
194311,-7.0489,-7.9578,-10.5793,-4.7611,-6.5838,-9.3114
194312,7.2026,10.6109,12.0572,5.6748,6.9257,7.259
194401,5.0183,4.6781,5.2901,0.818,1.6184,4.8802
194402,1.3611,0.9548,0.6569,0.0507,0.7854,2.4248
194403,1.9835,3.7072,7.6297,2.2076,2.5617,3.4133
194404,-1.9626,-2.8671,-4.0621,-1.3972,-1.8771,-1.5629
194405,5.8169,7.2671,7.0046,4.6061,5.0192,5.465
194406,9.3452,9.7095,10.5417,4.9431,5.1501,7.3842
194407,0.1974,-1.0199,-1.4868,-1.6579,-1.4787,-0.8375
194408,4.9453,4.1492,1.8964,1.3605,1.2556,1.146
194409,1.5739,-0.0764,-0.2658,0.3319,-0.2562,-0.2435
194410,0.1925,0.5534,-0.4692,-0.0654,0.8407,-0.0829
194411,1.0753,2.9197,3.6861,1.1612,2.2483,3.1649
194412,5.9661,6.8664,10.587,2.4976,4.5123,9.6992
194501,5.3378,5.0768,4.108,0.7604,3.039,3.4172
194502,6.5845,8.8305,10.5414,5.1483,6.1444,9.9868
194503,-4.3743,-6.3271,-6.4097,-3.1965,-4.3701,-4.7147
194504,7.5978,9.0869,9.9162,6.7601,8.0276,10.8652
194505,2.7782,2.1567,4.0593,2.0098,1.0423,1.4259
194506,2.9165,2.5527,6.8414,-1.2111,0.7163,3.4995
194507,-3.1033,-3.5458,-5.4558,-1.4266,-1.8157,-4.4955
194508,7.7684,7.8428,4.8892,8.5886,4.3999,2.6718
194509,6.6474,6.7318,6.4407,4.5548,4.3974,5.7272
194510,6.0725,6.7019,7.4502,2.3629,4.9911,5.4804
194511,9.3211,9.7416,11.4999,2.8819,5.8159,9.3753
194512,4.053,3.1126,1.6395,1.7707,1.141,-0.4562
194601,9.6675,8.8766,12.3615,6.0984,4.9235,7.8274
194602,-6.2438,-6.8294,-7.2913,-5.8802,-4.9458,-7.3631
194603,6.5074,5.9349,5.8051,5.1627,7.019,5.1451
194604,4.3802,7.9286,6.3856,3.7606,5.16,2.6517
194605,6.7336,5.0297,5.7605,3.1851,3.6102,6.3451
194606,-4.5703,-5.2031,-5.9975,-4.4139,-2.6157,-4.1636
194607,-4.8021,-3.8418,-5.0475,-2.7312,-2.3686,-2.3991
194608,-8.4903,-8.2229,-7.3701,-6.3175,-6.1952,-6.2326
194609,-13.9626,-13.4864,-15.8473,-9.8007,-8.4219,-11.8313
194610,-3.1863,-1.0714,0.7462,-2.487,-1.7639,0.4636
194611,-1.5734,-0.6742,1.4102,-0.2213,0.7452,-0.1651
194612,5.7147,4.6134,4.2871,5.295,5.1954,3.9577
194701,4.5119,2.4272,3.25,2.1808,-0.5027,1.9774
194702,-1.2774,-0.6043,0.8617,0.0696,-1.335,-1.78
194703,-3.3525,-3.4273,-2.3881,-1.7956,-1.0035,-1.5387
194704,-9.3469,-7.9219,-8.1055,-5.1369,-3.6659,-4.6734
194705,-5.2184,-3.9661,-3.5986,-1.1266,0.1874,-2.0744
194706,4.2906,5.3287,5.0072,6.4552,4.5626,4.5303
194707,5.2344,6.3337,7.0612,3.5118,3.4853,7.3342
194708,-1.8585,-1.5408,-1.2065,-1.8587,-1.456,-2.1997
194709,0.4098,0.3595,2.6319,-0.6744,-0.6558,-0.1814
194710,3.5397,3.3029,2.9234,2.2304,2.9955,3.0043
194711,-4.4555,-3.4527,-2.6395,-2.0816,-1.4791,-1.7796
194712,0.1759,1.3771,3.0234,2.0173,3.4628,6.5408
194801,-1.7489,-2.4805,-0.1999,-4.539,-4.0364,-3.336
194802,-5.9905,-6.3838,-5.7986,-4.6491,-3.6881,-4.6973
194803,6.4133,8.3056,12.2128,7.8154,7.7196,11.0026
194804,1.2935,2.8029,4.6743,2.2742,4.3656,7.0963
194805,9.3433,8.7069,7.5463,8.505,6.4626,7.8323
194806,-2.8594,-1.6291,0.3235,-0.6228,0.3282,1.7011
194807,-4.9617,-5.199,-5.4746,-5.0109,-5.31,-4.3526
194808,-1.1762,-0.5161,-0.3462,0.877,-0.2112,0.5907
194809,-2.9256,-4.1617,-5.5034,-2.7272,-2.4449,-3.726
194810,4.0923,4.5769,5.3778,6.4318,5.848,6.2724
194811,-9.7016,-9.6855,-12.9406,-8.3439,-8.7315,-13.3862
194812,1.4144,-0.002,0.1689,4.9312,2.7612,2.2947
194901,1.4055,1.8478,2.9763,0.5644,-1.0823,1.3304
194902,-5.3414,-3.9655,-5.6091,-2.4792,-2.7256,-4.0374
194903,6.3287,5.6055,8.1847,4.2292,3.4034,5.0451
194904,-1.5605,-3.0823,-3.373,-2.076,-0.6601,-2.6169
194905,-3.7284,-3.7213,-5.1127,-1.8599,-3.0887,-5.3144
194906,-1.1659,-1.4535,-1.127,1.1072,0.2508,-2.4522
194907,6.529,7.2103,5.7449,5.2494,5.7478,6.7915
194908,3.2548,3.5448,1.9586,2.7137,2.7811,2.862
194909,5.4113,4.1798,4.1709,2.6493,3.6207,4.3525
194910,5.0893,3.4831,4.0997,3.2624,3.0556,3.2734
194911,0.5242,1.0058,0.2095,2.9284,0.1852,1.4257
194912,6.9616,6.5348,8.802,5.3306,3.7726,6.9904
195001,7.2511,4.6563,4.6919,0.8585,1.965,3.6955
195002,1.6732,1.9791,0.5671,1.5803,1.4615,1.0693
195003,2.44,-1.1095,-1.9436,1.9199,0.9328,0.773
195004,5.7935,5.359,7.5034,4.3512,3.0117,5.3266
195005,1.6064,2.7917,3.029,4.6373,5.0171,4.125
195006,-7.0224,-7.861,-9.0471,-5.4526,-6.3491,-4.9919
195007,0.7491,3.3806,11.5039,-3.4686,4.4656,13.1049
195008,4.3762,5.5535,5.0765,6.0983,4.1287,2.5766
195009,5.9972,4.903,4.9761,5.7662,3.8296,4.5636
195010,-0.4563,-0.2294,0.2589,-0.1731,-0.4988,1.9896
195011,0.4057,2.1228,4.9531,2.4005,3.4012,4.2022
195012,5.2259,7.3714,12.4531,3.3438,6.644,10.5826
195101,6.7204,7.0302,10.6668,5.1644,5.4079,8.666
195102,1.6335,1.321,-0.1712,2.2461,1.8718,-1.6099
195103,-1.4182,-3.2662,-5.6058,-0.7151,-2.6881,-4.9732
195104,2.2415,3.7348,6.4365,4.4184,5.6719,6.7777
195105,-1.8424,-2.5864,-3.2891,-2.3381,-1.8128,-3.5496
195106,-3.9063,-4.7824,-7.222,-2.1935,-1.0689,-6.7884
195107,5.3968,5.0818,6.7219,6.7115,7.0432,9.4123
195108,6.0032,5.3969,5.0122,4.2156,4.3281,4.8953
195109,2.4131,2.8739,2.8222,0.61,0.4024,1.3859
195110,-2.0973,-1.6187,-3.3221,-3.798,-0.496,-2.0648
195111,0.4606,0.4555,0.4007,0.7963,0.6532,0.7349
195112,1.1372,0.9709,0.6425,4.2423,3.6197,1.6318
195201,1.677,1.7973,1.4141,0.4207,2.5411,3.76
195202,-2.075,-1.9713,-2.0061,-2.1776,-2.7913,-3.4548
195203,1.2718,2.2724,3.3251,4.3708,4.8331,6.6406
195204,-4.7336,-4.833,-4.079,-4.652,-4.9298,-5.5111
195205,2.2358,2.0772,2.7274,3.7948,2.828,3.4469
195206,1.6752,2.8792,3.3712,3.9102,4.1731,4.6737
195207,0.9861,1.5705,-0.1674,1.1605,0.7782,1.6625
195208,0.0584,0.9596,0.298,-0.8807,-0.2805,-0.975
195209,0.2123,-0.8012,-2.113,-1.8263,-1.8516,-2.3862
195210,-0.7348,-1.5835,-1.9727,-0.5752,-0.2546,-0.4086
195211,5.5491,5.5213,6.0587,6.1889,5.4434,7.6545
195212,1.9131,1.8031,1.7229,3.1417,3.0175,3.7264
195301,3.7496,3.5242,3.9189,-0.9684,-0.0375,1.5396
195302,1.3326,2.2121,1.7526,-0.2005,-0.1755,-0.7937
195303,-1.7215,-1.6985,-1.9871,-1.17,-1.1272,-2.5791
195304,-3.0729,-2.3131,-1.1289,-3.0051,-2.4605,-1.8659
195305,0.7245,0.8933,0.7138,0.8613,0.3143,1.3552
195306,-3.1827,-3.3052,-3.9909,-1.617,-1.4895,-1.8349
195307,0.8453,1.5192,1.467,2.9808,2.1172,1.8914
195308,-3.2235,-5.2969,-6.2762,-3.9736,-3.9041,-7.996
195309,0.0232,-0.8461,-2.2737,0.9017,0.186,-1.6369
195310,3.1405,3.6649,3.1679,5.0809,4.3331,4.6582
195311,1.5491,2.1501,1.2769,3.3482,2.2275,3.2992
195312,0.2669,-1.2682,-2.7399,0.524,0.3718,-2.0999
195401,4.6432,6.6199,8.2448,4.464,5.7885,7.85
195402,1.1241,1.4999,1.4449,1.652,2.1569,0.7601
195403,2.6496,3.1207,2.253,4.2435,3.5131,1.7485
195404,-0.2621,2.2954,0.2924,5.3046,3.4576,4.0054
195405,3.9459,4.243,5.089,2.8609,2.6183,6.6316
195406,0.6134,1.8005,1.3882,1.8437,-0.2884,1.0567
195407,5.5421,6.9119,9.1482,4.2879,5.1601,8.9941
195408,-0.1185,0.1305,-0.8939,-2.9916,-0.9301,-4.9917
195409,2.8897,4.669,4.6903,6.8815,6.5673,6.4643
195410,0.5601,-0.9911,-0.7021,-2.2781,-1.0062,0.3434
195411,7.0826,8.9635,9.6041,9.5327,8.2249,15.7986
195412,7.5331,9.4646,11.4013,4.3115,5.8284,11.744
195501,1.5894,1.2311,2.3863,0.0631,0.7953,3.5499
195502,3.8044,5.4569,4.6434,3.071,2.7508,3.4022
195503,-0.778,-0.2808,0.6912,-0.2642,-0.3005,2.2127
195504,1.6264,1.087,2.6318,4.0842,2.0011,4.4324
195505,0.5818,0.4983,0.4034,1.9455,0.0676,0.1997
195506,2.1083,3.3709,3.5417,6.5905,7.4167,8.8422
195507,-1.6321,1.0639,1.2886,2.6436,1.1715,0.396
195508,-0.0701,0.6073,0.2604,0.3402,0.3229,1.4474
195509,-0.7222,-0.4771,-0.3494,0.0578,-0.1517,-2.299
195510,-1.4384,-0.7646,-1.2878,-2.8186,-1.9236,-3.2838
195511,5.9972,4.8247,5.2592,8.3322,4.6364,9.7196
195512,3.4725,2.283,2.5679,1.9789,1.6877,-1.7027
195601,-2.3277,-2.057,-1.7159,-3.6267,-1.328,-2.3554
195602,1.9377,3.7928,2.3765,4.7654,2.8185,3.46
195603,3.4322,3.797,5.1193,7.8836,5.6897,5.1985
195604,1.2824,0.8747,0.0813,0.107,1.2113,0.8141
195605,-3.398,-4.086,-4.5033,-5.1203,-4.6358,-6.625
195606,1.0128,2.5388,1.3061,4.3047,3.2463,1.7512
195607,3.3517,3.4453,3.455,5.0829,5.2921,4.8851
195608,-0.2685,-0.9106,-2.1117,-3.5272,-2.3423,-3.129
195609,-3.3845,-3.0327,-2.111,-5.9383,-3.6359,-3.6745
195610,1.1872,0.9148,0.4229,0.6819,0.7704,1.3341
195611,-0.3115,0.1676,2.2371,-0.3983,2.5647,0.591
195612,4.3647,2.0997,2.1899,3.8264,3.1941,1.6819
195701,-0.7927,0.1058,2.0332,-4.4516,-2.6835,-1.6359
195702,-2.8013,-3.2423,-2.7116,-1.5275,-2.0136,-3.0645
195703,2.2189,2.5809,2.2831,2.7044,1.8531,1.7164
195704,2.2226,2.2943,2.2797,5.6088,3.4013,2.6036
195705,3.0121,1.2786,1.7227,4.7371,2.5855,1.8302
195706,0.0903,-1.2336,0.7528,-0.1233,-1.179,-0.7328
195707,-0.6273,0.7807,0.4211,1.2811,0.5342,1.0783
195708,-4.9836,-4.3639,-5.2188,-5.4514,-3.1891,-6.0634
195709,-7.1005,-4.8858,-5.0646,-6.3295,-4.3555,-6.5429
195710,-8.1775,-5.5618,-8.3167,-3.771,-3.4032,-7.2925
195711,3.2423,1.4379,1.0654,3.0955,2.0285,-0.5021
195712,-4.601,-4.6361,-5.8547,-3.9214,-2.3392,-5.8875
195801,12.2097,10.4795,11.9149,3.3984,5.9843,12.0687
195802,-1.6496,-0.5519,-0.4213,-1.8071,-0.5695,-2.2917
195803,5.0565,3.7479,3.1447,3.4064,3.1886,3.4058
195804,2.948,1.748,4.368,3.332,2.4877,5.1872
195805,6.4635,4.2162,4.2805,2.0583,2.6022,3.7347
195806,2.1201,3.2161,2.9834,3.1465,2.6668,3.0753
195807,4.2728,6.0856,7.1336,4.3856,3.9451,7.609
195808,4.3451,3.023,3.2318,1.7085,1.8375,3.5333
195809,5.498,4.3611,7.7889,4.7619,4.3211,8.1716
195810,6.9245,2.8114,3.0463,2.607,2.7162,4.1345
195811,7.6833,4.2122,4.0856,3.3185,2.1206,4.5387
195812,2.8277,3.088,3.8361,4.975,6.9394,3.9448
195901,4.3735,5.2178,5.6035,-0.6209,2.7223,4.0781
195902,2.5211,3.5493,2.9076,0.4613,1.7224,2.2671
195903,1.6729,1.6354,1.7328,0.7407,-0.1205,-0.0759
195904,3.9707,3.4581,2.1226,4.7089,2.5844,3.8935
195905,-1.2238,0.4901,1.3377,2.7434,0.5822,3.5877
195906,1.6546,0.5842,1.8299,-0.3827,0.3597,2.1358
195907,2.1926,2.8033,3.5632,3.9858,2.3997,3.0828
195908,-1.8264,-1.2879,-1.913,-1.3623,-0.9888,-0.3839
195909,-5.3937,-4.4946,-3.995,-5.0278,-3.2554,-5.3237
195910,3.9851,2.5816,1.1012,1.4436,1.7574,0.1319
195911,3.8418,2.0089,0.5945,3.0144,-0.1104,-0.1725
195912,3.4321,2.3715,2.1134,2.9765,2.5142,4.16
196001,-5.8275,-3.2499,-2.8628,-8.2078,-4.3858,-5.5931
196002,2.0596,1.3904,0.5956,1.3112,2.2972,-1.0929
196003,-2.2424,-2.3782,-3.9046,-0.881,-1.0728,-5.0967
196004,0.1394,-2.1206,-2.9882,-1.571,-1.3543,-3.0143
196005,5.2694,1.7891,2.451,4.3053,1.8302,-0.2716
196006,2.3749,2.6222,1.4522,2.5647,1.7305,2.7993
196007,-3.3039,-1.8785,-1.4318,-3.4769,-0.2945,-1.2884
196008,4.1835,3.5137,4.1669,2.7378,4.1273,2.3875
196009,-7.7262,-5.8708,-6.0058,-6.7352,-4.3791,-5.148
196010,-6.7683,-2.2654,-2.762,-0.614,-0.0592,1.0929
196011,6.4194,4.9598,3.1327,5.4248,3.9969,3.9773
196012,4.0537,3.4659,2.4035,3.5644,7.3694,3.6988
196101,7.5175,7.6734,9.6199,4.9162,7.7692,10.1383
196102,7.7303,6.4322,7.3587,4.0441,2.5625,3.1417
196103,7.2967,4.8776,5.9946,2.1715,4.082,2.075
196104,1.0751,0.1386,2.3956,-0.3161,1.1,2.6644
196105,3.5567,5.0471,4.8259,3.1987,1.5064,2.6756
196106,-5.9183,-4.4171,-5.5313,-2.2745,-3.2281,-2.8821
196107,-0.5142,1.3058,1.3313,3.1593,3.4684,1.1407
196108,0.7691,0.3628,1.1012,3.2055,1.9696,2.3077
196109,-4.6924,-3.1527,-3.3019,-1.176,-3.0048,-3.7784
196110,0.8745,3.3382,0.2788,2.2585,3.98,3.1468
196111,6.5024,5.7677,4.7062,4.8918,4.0792,4.2212
196112,-1.2784,0.3138,0.3555,-0.2199,0.348,1.7303
196201,-2.605,-0.8636,2.2592,-5.0016,-1.9019,0.3934
196202,0.7054,0.73,1.7967,1.8606,2.4049,2.4047
196203,0.4216,-1.0915,-0.5598,-0.3751,-0.2814,-2.1517
196204,-6.3111,-7.292,-6.8347,-6.6656,-5.566,-6.0788
196205,-12.252,-10.316,-9.5501,-9.0826,-6.7714,-6.2353
196206,-9.7765,-7.4881,-7.059,-9.0125,-6.9429,-6.6288
196207,8.943,5.8503,6.5235,7.8649,5.4376,3.4812
196208,4.5675,3.4857,2.4701,2.7447,1.6319,2.494
196209,-8.0572,-7.0621,-6.2402,-5.0148,-4.6676,-4.314
196210,-4.9603,-3.2098,-2.1041,0.5823,0.7325,0.3196
196211,14.9374,13.5907,14.4064,11.3537,9.8898,13.8057
196212,-3.5883,-1.4128,-2.198,1.5329,1.8483,0.8372
196301,7.6553,8.147,9.8473,4.9537,4.2891,7.2031
196302,-2.5588,-1.4926,-0.0273,-2.7851,-1.8234,-0.9838
196303,-0.0316,1.6893,2.4157,3.4082,3.3743,5.0932
196304,3.6602,2.8367,4.8296,4.9908,4.4787,5.7941
196305,1.8071,3.2432,5.4338,2.252,1.1867,3.682
196306,-1.2773,-1.9336,-1.7724,-2.326,-1.4666,-0.332
196307,-1.0767,-0.6453,-1.1208,-0.0397,0.5459,-1.8676
196308,4.4504,4.4599,5.7598,5.3905,4.6233,7.7192
196309,-3.066,-0.4674,-1.9766,-1.0644,-1.7019,-1.8044
196310,1.1626,1.7174,2.7084,3.8443,1.2355,2.2246
196311,-2.8652,-1.2518,-0.3618,-0.248,-1.453,0.6578
196312,0.3544,0.5545,0.2025,2.0377,3.0376,2.0627
196401,0.7691,2.6731,3.9768,2.6875,2.7291,2.5448
196402,1.5849,2.1222,4.1642,1.4255,1.6582,4.5586
196403,0.6106,4.1038,5.1609,0.9237,3.0113,3.1123
196404,-1.696,-0.3047,-1.4665,0.4175,1.2053,-1.124
196405,0.921,1.1713,2.0914,1.5115,1.1688,4.3262
196406,1.3077,1.2494,2.0197,1.6682,1.3153,2.3891
196407,1.5604,3.036,2.6545,1.9135,2.2886,2.2783
196408,-1.5072,-0.3842,-1.2173,-1.2295,-0.8238,-1.3754
196409,3.3448,2.9054,3.6037,2.3738,3.5006,5.5627
196410,1.0815,1.2867,2.3201,0.2716,1.8227,1.3373
196411,-0.1132,-0.3563,0.0785,0.4995,0.9192,-3.5961
196412,0.3389,-0.8002,-1.5351,1.1216,-0.294,-2.0393
196501,6.9819,5.9117,6.6407,3.961,2.7936,4.6314
196502,3.698,3.4139,4.3201,0.6003,0.0347,0.2909
196503,0.9099,0.5819,1.5227,-1.1259,-1.6676,0.3708
196504,3.0286,4.4247,5.3205,3.8043,2.4929,2.8693
196505,-0.1316,-0.8669,-1.3233,-0.2717,0.1046,-2.3406
196506,-9.8895,-8.8536,-8.5932,-4.5574,-4.9639,-4.7378
196507,2.5221,3.0984,4.0875,1.3343,1.6322,4.1297
196508,6.5969,5.0218,5.0927,2.9229,2.841,2.504
196509,3.8169,3.835,3.8155,3.7694,2.2624,3.5859
196510,5.941,5.4618,6.3147,2.7744,2.0364,5.4895
196511,3.9838,4.8801,4.709,0.0041,-0.1666,-0.2972
196512,3.9448,3.4843,4.6346,0.8421,0.9142,4.0673
196601,4.4139,5.6319,6.9139,-0.2491,1.3035,4.269
196602,3.9304,3.1378,3.4968,-1.6213,-0.7961,-0.6484
196603,-0.3617,-2.9833,-2.044,-1.5599,-2.6395,-4.0093
196604,5.7684,4.812,5.5394,2.4054,1.8047,1.5507
196605,-10.0901,-9.972,-10.3267,-4.1394,-5.1533,-7.0464
196606,0.8245,0.0327,-0.018,-2.0016,-0.0517,-0.1531
196607,-2.2769,-1.6858,-0.7671,-1.6458,-0.5398,-1.1721
196608,-11.0713,-9.806,-10.4455,-7.63,-6.6426,-7.3849
196609,-2.0082,-0.9552,-1.5018,-0.9876,0.1932,-0.5054
196610,-3.8969,-0.2031,-0.0697,3.3118,7.1703,5.1947
196611,7.5145,4.5942,2.7363,3.7109,-0.9993,-0.5612
196612,3.4322,2.6192,0.6885,-0.3486,1.4116,-0.1645
196701,17.5311,16.366,17.7266,7.9167,6.3368,12.6306
196702,4.5547,3.0019,3.1351,1.9899,-0.3277,-0.8887
196703,5.8708,6.4788,5.6456,4.3169,3.6047,5.461
196704,5.5954,3.8223,3.413,5.9967,1.7901,3.1401
196705,-1.5246,-1.1647,-2.2875,-4.9518,-3.6673,-2.1994
196706,9.5563,7.9934,8.3513,1.4807,1.9897,4.5906
196707,6.9552,7.6439,10.156,4.9096,3.4693,7.306
196708,-0.4316,0.8942,0.4312,-0.7451,-0.9227,1.1666
196709,6.8718,5.3287,4.677,3.8156,2.677,1.0491
196710,-0.774,-2.2586,-3.4941,-1.5084,-3.738,-5.5464
196711,1.3083,1.3591,-0.8293,1.088,0.2927,-0.178
196712,10.964,7.5313,8.1637,2.1463,3.2459,4.044
196801,-1.4959,0.8579,3.4097,-6.1524,-1.2539,-1.4731
196802,-7.477,-5.0551,-5.0851,-3.3022,-2.1119,-3.332
196803,-0.7593,-1.0539,-0.552,1.8221,-0.7169,0.3842
196804,17.2872,14.3462,13.254,10.2331,5.369,11.9879
196805,9.7386,8.3438,8.8497,2.458,0.1493,5.0613
196806,-0.2357,1.4903,1.4466,-0.0109,3.5887,-0.3316
196807,-5.6338,-2.5044,0.2537,-4.5138,0.126,0.4089
196808,3.8866,3.4835,4.655,1.1297,1.4708,2.3831
196809,7.354,6.794,6.5425,3.3244,4.2897,4.7868
196810,-0.5367,2.0667,1.322,-0.6301,1.7051,3.2164
196811,8.5463,8.2685,6.7536,5.5059,5.5179,5.5018
196812,0.3114,-0.5043,-1.1012,-4.8693,-3.2611,-3.4469
196901,-1.7715,-1.0703,-0.7027,-1.8122,0.134,0.4467
196902,-10.3101,-8.1991,-7.508,-3.9565,-5.3261,-5.0357
196903,3.1256,2.1639,3.1777,3.8935,2.5399,2.8058
196904,0.8069,1.981,1.1077,3.2355,0.4067,2.8683
196905,-0.3011,0.8552,0.0729,-0.1795,0.7259,0.873
196906,-12.1767,-11.2335,-10.9359,-3.4192,-7.8957,-6.8579
196907,-11.2056,-9.3964,-7.4504,-4.7782,-7.5776,-6.0924
196908,7.469,5.1705,3.8384,6.6874,4.3467,2.6554
196909,-0.4187,-2.1647,-2.7839,-0.5988,-3.544,-4.766
196910,10.8714,7.9188,7.2836,6.2235,4.6078,3.7343
196911,-5.4777,-5.2438,-6.4138,-2.1679,-3.8128,-3.5242
196912,-4.916,-5.7387,-6.3474,0.2211,-1.9141,-4.3466
197001,-6.1245,-5.1186,-2.249,-8.0711,-8.5067,-5.6418
197002,2.5726,3.5737,6.1782,3.6362,7.8447,8.0638
197003,-5.1179,-1.231,0.0775,-1.8955,1.5024,1.0884
197004,-20.6361,-14.0127,-11.244,-10.5827,-9.4876,-7.5503
197005,-11.2118,-10.6876,-8.0728,-7.946,-4.1753,-4.2226
197006,-8.7627,-7.1443,-6.0305,-5.4278,-3.1428,-6.9597
197007,7.3875,6.9998,6.7216,5.1859,9.6879,7.8725
197008,6.2555,7.06,6.4905,4.0366,5.3464,5.8435
197009,17.2408,10.5265,9.3846,7.265,0.3313,3.8656
197010,-6.8805,-6.9104,-4.1431,-0.6127,-1.6183,-2.8593
197011,0.2792,2.2012,2.428,5.1437,5.6425,6.3271
197012,7.9714,9.6557,9.2484,5.3251,6.7776,5.7722
197101,10.5742,12.8347,12.5927,4.7103,3.8165,5.3581
197102,4.444,3.4459,2.4054,2.3918,0.3145,1.998
197103,8.9354,4.9925,4.6614,5.9258,3.0762,2.074
197104,3.0757,3.8812,3.3266,4.0073,2.5907,5.177
197105,-4.1404,-5.497,-5.2544,-2.756,-4.1981,-4.5989
197106,0.34,-1.5848,-2.0783,1.173,-0.1624,-0.0553
197107,-6.8818,-4.3078,-5.8753,-4.1921,-3.5106,-4.866
197108,4.4373,3.6992,6.5994,5.5529,1.2015,8.5091
197109,0.8146,-0.8604,-2.0301,0.3948,-1.2223,-2.5307
197110,-6.2388,-4.322,-6.5231,-3.8632,-3.4938,-4.3227
197111,-2.9143,-2.2635,-4.0974,0.8792,-0.3505,-1.403
197112,13.5985,11.1573,12.1921,9.026,8.4282,9.611
197201,9.2012,6.7915,10.4858,2.6684,0.3557,5.2441
197202,4.8424,3.0295,2.7685,4.4638,1.0486,0.9371
197203,1.545,-0.1343,-0.5419,2.2149,-1.3804,0.9413
197204,0.3803,1.159,0.4481,0.7181,0.108,1.1216
197205,-1.7724,-1.3324,-2.7063,3.0166,0.9051,-1.5032
197206,-3.3006,-2.5635,-3.2232,-1.0201,-2.7737,-6.3066
197207,-5.1879,-3.0932,-2.0206,0.5939,-1.1612,-1.1493
197208,-0.8531,2.0182,2.5042,1.4429,7.0612,7.3698
197209,-3.518,-2.6599,-3.1597,-0.4657,-1.0465,0.1991
197210,-2.5601,-0.1688,-1.0487,0.4995,2.2806,1.5884
197211,3.621,5.798,6.4442,2.9413,6.5453,9.7485
197212,-0.9776,-1.0497,-2.2661,2.6455,-0.7847,-0.5468
197301,-7.8472,-5.1043,-3.6872,-2.6074,-2.1848,-1.4221
197302,-11.2245,-7.6592,-5.8702,-2.9772,-4.9153,-4.9026
197303,-4.1194,-2.6439,-1.2383,-1.3218,0.4973,1.2495
197304,-11.5845,-5.3693,-5.0098,-6.1004,-2.5283,-1.4411
197305,-10.2604,-7.1297,-7.3392,-0.9359,-2.0453,-3.3646
197306,-5.351,-2.8949,-2.6798,-0.9258,-0.355,-0.853
197307,18.3031,10.1965,9.0334,6.361,2.2833,4.9829
197308,-3.8775,-5.2814,-4.0385,-3.3284,-2.9852,-0.5228
197309,10.8841,9.6867,8.6138,2.2546,9.1962,8.5361
197310,-2.4405,0.1981,0.9555,-0.1849,-0.3823,0.477
197311,-22.6564,-17.8185,-16.1739,-12.5208,-10.002,-11.1823
197312,-2.3139,-2.2879,-1.3666,-1.3357,5.5907,5.526
197401,7.4766,10.2374,13.7716,-1.0405,-1.1006,4.6429
197402,0.035,0.4761,1.9063,-1.1101,1.1915,2.7333
197403,-0.4384,-0.6524,0.4368,-1.8057,-3.3887,-3.2324
197404,-6.3541,-5.8975,-3.6558,-3.5684,-5.8549,-4.3661
197405,-7.0392,-8.0218,-6.8355,-1.6436,-5.1494,-6.0084
197406,-3.2436,-2.5638,-1.0976,-2.0515,-1.7303,-2.6403
197407,-6.6183,-4.2468,-2.9919,-9.4335,-4.4055,-2.7839
197408,-9.4649,-7.9662,-7.4409,-10.0776,-5.6487,-7.1108
197409,-11.7615,-7.0497,-7.2908,-13.6776,-6.066,-7.1702
197410,14.435,7.6359,7.9434,21.3957,11.2576,7.9021
197411,-5.1426,-4.3475,-5.5043,-4.0321,-3.4626,-3.9813
197412,-7.1183,-5.5941,-7.7423,-3.2633,-0.0309,-2.6419
197501,24.4571,26.822,30.5646,10.5497,16.9433,21.3261
197502,6.7129,3.1748,3.6833,8.1963,2.7863,2.1044
197503,7.648,6.8648,8.3489,2.8911,1.5542,7.1649
197504,6.5169,3.3116,3.1667,5.6844,2.1014,6.8207
197505,10.222,6.8458,6.8985,5.6654,5.856,0.9491
197506,6.968,7.4171,6.2531,4.3148,6.3601,7.6772
197507,-3.0051,-2.3885,-2.5578,-7.494,-3.98,-4.543
197508,-4.5322,-4.331,-6.6298,-2.2363,-1.6368,-2.0301
197509,-3.9912,-3.3516,-3.4483,-3.9177,-2.7162,-3.7902
197510,1.248,3.4946,1.9748,6.5249,5.8184,6.4848
197511,1.3389,2.4071,3.7902,3.0319,3.5588,4.5056
197512,-1.5618,-0.3129,-0.851,-1.8073,0.3716,0.9543
197601,14.9679,18.4289,24.7458,10.8017,14.5477,18.3284
197602,6.5662,7.3538,12.3109,-1.3227,1.8413,4.635
197603,1.3192,1.5093,1.7702,2.8537,2.9455,2.2491
197604,-0.9139,-0.9825,-1.161,-1.5956,0.2514,-1.6193
197605,-0.9023,-1.9966,-3.5788,-0.6182,-1.5689,-0.5348
197606,3.9362,3.6734,3.8372,4.4744,5.1444,5.878
197607,-1.0849,0.7067,0.6847,-1.2132,0.2627,0.3881
197608,-3.4821,-1.3472,-1.2681,-0.3102,1.1942,-0.9139
197609,3.4911,2.4445,2.2913,2.1759,3.16,2.8993
197610,-2.6723,-1.4771,-2.089,-2.4707,-1.1725,-3.3552
197611,3.6492,3.1782,3.8926,-0.7328,2.4415,2.0466
197612,9.6061,9.5655,10.0231,4.7862,6.6399,8.7706
197701,0.7942,2.2136,3.2009,-6.308,-1.584,-0.2155
197702,-0.9698,-1.1897,0.1037,-1.8822,-1.4935,-1.918
197703,0.2845,0.6845,0.2546,-1.6461,-0.6174,0.4974
197704,1.1033,1.2638,2.5394,-1.1191,2.0253,4.3186
197705,-0.7746,0.1265,0.7097,-1.7848,-0.0838,-1.5795
197706,7.5298,6.1518,6.9952,5.6706,3.7338,4.8443
197707,0.0832,0.0251,0.5394,-1.4853,-1.0328,-3.1512
197708,0.7247,-0.8256,-1.4779,0.3165,-3.443,-3.0037
197709,1.6383,1.7962,0.5914,-0.6878,1.0343,-0.6705
197710,-3.8623,-2.0632,-1.5696,-4.3481,-3.7539,-3.1833
197711,8.2782,7.3441,8.1343,4.0327,3.8049,4.7539
197712,3.2399,1.4813,1.5577,0.2121,0.8753,1.1385
197801,-4.6823,-2.8495,-1.1967,-6.4202,-5.6709,-3.2811
197802,1.6193,2.5607,2.4744,-2.5106,0.3485,-1.942
197803,6.3896,6.625,7.129,2.1706,3.6348,3.8838
197804,9.9433,7.5539,7.1108,11.0822,5.5004,6.7901
197805,7.1577,5.8029,5.8587,1.9635,1.0951,2.0742
197806,-0.9265,1.0919,0.3737,-1.3823,-1.5747,-1.5871
197807,7.0118,4.96,5.7423,6.8149,4.1881,5.9198
197808,8.2497,8.1963,8.7144,3.6438,4.3026,2.0308
197809,-1.8488,-0.3837,-0.5871,-2.538,0.9711,-0.0593
197810,-23.1201,-18.4169,-18.6584,-9.9143,-9.0691,-11.5816
197811,8.8487,5.0243,4.4019,2.9563,3.2609,3.026
197812,3.0602,1.8849,1.9701,2.8513,0.7208,-0.4034
197901,8.5144,7.9616,9.5754,3.2314,5.0996,6.745
197902,-3.4385,-2.2377,-1.9085,-3.6366,-2.4471,-2.8435
197903,11.6363,8.36,8.4871,5.7551,5.6406,7.5316
197904,1.6703,2.9777,3.3134,0.2735,0.5177,0.6392
197905,-2.6334,-0.7679,-0.5496,-1.8494,-1.2511,-1.3339
197906,5.732,5.9024,6.171,3.2111,5.4269,5.6676
197907,1.992,4.0458,3.099,0.5975,1.7624,2.9835
197908,9.0274,7.413,7.3556,6.7144,5.4528,5.3443
197909,0.7755,-1.0745,-1.0473,-0.8264,0.9801,-0.7374
197910,-9.2425,-10.5588,-11.3229,-6.7422,-6.0602,-8.2863
197911,10.9805,6.8771,6.7536,6.5983,5.6775,4.0668
197912,8.1948,5.1727,5.148,2.941,1.0908,1.9077
198001,7.9577,7.6888,8.4694,4.934,6.3643,7.855
198002,-0.3811,-2.9717,-2.6325,-3.1357,2.2004,0.4348
198003,-19.3055,-16.0583,-17.3269,-9.016,-10.7042,-13.0343
198004,6.1177,6.4729,5.8284,3.8035,5.6125,6.1152
198005,8.1112,7.8309,8.1212,5.7105,5.4163,6.4692
198006,5.2751,4.4408,4.2883,3.1208,3.4927,2.4025
198007,13.2587,9.6254,7.2207,9.2997,5.2893,2.7511
198008,8.4792,4.9652,3.6362,2.1976,1.3933,1.7589
198009,5.2755,2.931,0.8533,4.1663,3.2452,-0.9598
198010,5.8175,2.3555,3.0394,1.8349,2.8734,-0.927
198011,12.5739,4.4511,2.5914,11.6268,13.477,4.8828
198012,-5.3377,-1.7657,-1.3409,-2.1916,-4.697,-0.7368
198101,-3.7662,0.7822,2.2601,-6.0007,-5.3947,1.639
198102,-0.6904,2.3739,2.7803,2.8002,1.289,1.334
198103,7.6697,8.0235,7.6466,3.8301,3.5593,5.2236
198104,2.5417,3.5657,3.8629,-2.198,-2.1497,1.0641
198105,5.0207,2.837,1.7096,0.8551,-0.5066,3.2216
198106,-5.7304,0.7604,1.2999,-3.2195,2.1039,-0.0549
198107,-2.7387,-2.3874,-1.6583,1.3885,-0.5691,-1.0541
198108,-9.9965,-5.9237,-4.6919,-6.8185,-5.4809,-2.4474
198109,-10.273,-6.5227,-4.8844,-6.3688,-5.9843,-1.3527
198110,10.4655,6.6744,5.7766,8.1493,3.9564,4.3999
198111,0.8886,4.9034,4.6053,4.0745,5.0811,4.138
198112,-2.3796,-0.9323,-1.5037,-3.1208,-2.7162,-2.4951
198201,-4.8804,-3.3077,-0.8243,-1.8884,-3.6714,0.4261
198202,-7.4855,-3.0412,-0.7483,-7.4109,-3.3638,-1.9469
198203,-2.2045,-0.4221,1.4825,-1.9557,-0.5289,1.9291
198204,6.4942,5.7221,4.1185,5.7333,3.5043,2.5752
198205,-3.5442,-2.2941,-0.965,-3.4707,-2.2853,-2.453
198206,-3.6131,-1.5731,-1.3809,-2.5236,-1.16,-1.6734
198207,-2.3628,-0.5904,-1.0567,-0.6307,-4.1458,-1.6917
198208,8.1628,8.8939,8.1555,11.3459,12.7877,13.3486
198209,2.6596,4.7112,5.2588,1.9561,2.0002,0.0139
198210,15.9413,13.1697,11.6354,12.8432,11.1546,9.6909
198211,9.866,8.6032,9.2287,7.1071,2.3298,3.9592
198212,1.3262,1.1936,0.8069,1.1378,1.1496,1.607
198301,9.6029,5.5969,4.9041,2.8091,3.2976,5.8897
198302,4.2499,6.6185,7.0768,3.6547,2.3565,2.2234
198303,2.6373,6.4006,6.2163,2.4811,4.4888,3.0031
198304,7.8996,7.9213,7.6219,5.7223,9.0223,7.1267
198305,7.9534,5.3834,4.9963,-0.1798,0.1227,-0.0677
198306,5.7152,4.3434,2.3461,5.2791,3.6625,0.7795
198307,-5.8312,-0.07,1.2817,-5.195,-2.7042,-1.0861
198308,-4.8247,-2.8132,-0.3167,-1.3215,0.9676,5.2949
198309,0.0744,2.5268,3.9753,2.5816,1.4622,0.8504
198310,-9.0605,-4.3548,-2.2027,-3.5868,-0.9153,-0.3044
198311,4.7415,4.1692,4.3756,2.8141,2.4615,1.9064
198312,-3.1765,-0.4187,0.2015,-0.6756,-1.1446,-0.6935
198401,-4.2205,-0.2725,2.0822,-5.3208,0.5829,3.6219
198402,-6.9757,-4.9963,-3.5576,-4.7417,-4.2066,-1.4438
198403,0.1246,1.3782,2.301,1.5738,1.5919,0.4112
198404,-1.205,0.0324,-0.0152,0.4552,0.1732,1.8025
198405,-5.9758,-4.7903,-4.395,-4.8086,-4.5694,-5.8792
198406,4.5523,2.0683,1.0699,4.4116,1.5686,2.6595
198407,-5.5703,-2.9916,-3.2976,-0.9989,-1.8794,-2.3168
198408,13.4205,10.3044,9.4634,11.1426,11.387,11.4553
198409,-2.7366,1.4631,2.2947,-2.3824,-0.4156,3.2338
198410,-2.2415,-0.2988,0.0335,0.7593,0.8321,-0.4861
198411,-4.5249,-0.3253,0.3778,-2.251,-1.3182,0.9992
198412,2.0517,1.6538,2.1128,2.6999,2.6696,2.242
198501,15.019,9.9635,8.7253,10.1197,8.1257,5.5995
198502,2.9428,2.8333,1.7211,1.2935,1.6786,2.2473
198503,-3.3055,-1.1897,1.3735,-1.2966,-0.5893,2.2254
198504,-2.0343,0.0943,1.6696,-1.8105,-0.8173,1.9304
198505,4.2388,4.0643,3.2833,6.0886,7.0333,5.2021
198506,1.4124,2.5273,2.4184,1.4801,1.924,1.4683
198507,2.7231,2.5364,1.0365,0.2083,-0.9611,-1.4601
198508,-2.0368,0.0202,0.2432,-1.5225,-0.0847,0.8278
198509,-7.288,-4.2557,-4.1635,-3.8594,-2.7039,-4.3703
198510,3.2146,3.6768,3.2856,4.0057,5.3782,5.4984
198511,7.7524,7.0228,6.3052,9.074,6.573,4.7607
198512,4.9399,4.1497,3.2557,5.7717,3.6276,4.4171
198601,2.3013,1.5114,2.5748,0.7669,0.4277,1.5366
198602,7.3419,7.1964,6.744,8.0018,8.2468,6.8929
198603,4.22,5.395,5.2071,6.2313,5.7958,4.357
198604,2.2673,1.2769,0.433,0.5572,-1.804,-3.3236
198605,3.3642,5.2669,3.4434,5.4296,5.5472,5.07
198606,-0.0679,0.9731,1.8963,1.8221,1.1779,2.5774
198607,-10.7032,-8.7444,-5.726,-7.2043,-5.1339,-2.6545
198608,2.1901,3.5365,4.4877,4.7422,8.6236,9.4473
198609,-8.2112,-4.8044,-4.8001,-10.069,-7.3658,-7.1599
198610,4.3695,2.8482,1.7709,5.6468,5.2913,5.5049
198611,0.0876,-0.6171,0.4662,2.1294,2.0608,1.4921
198612,-3.0478,-3.0799,-1.9635,-2.3768,-3.0551,-2.9221
198701,12.6674,10.8824,9.0739,13.8835,13.2543,10.9653
198702,9.6012,6.7515,5.0424,7.4154,3.4815,0.0428
198703,1.2461,2.7243,3.6895,1.716,2.2723,2.5045
198704,-2.6588,-3.0393,-3.6764,-1.8092,-0.9866,-1.4797
198705,-0.2914,-0.0178,0.7521,1.3662,-0.1041,0.7692
198706,1.4703,3.2477,3.501,4.6965,5.3915,4.6837
198707,2.1862,3.2683,5.3606,5.5855,3.4914,3.7571
198708,2.9036,3.747,2.9865,4.6748,4.3695,2.7442
198709,-2.5556,-1.2714,-1.4034,-1.9436,-2.2765,-2.565
198710,-32.4236,-27.9287,-27.7086,-23.1531,-20.2032,-19.4692
198711,-6.6815,-4.0069,-3.4113,-8.7884,-7.8368,-5.8068
198712,9.2865,6.9471,4.631,9.1687,6.377,4.9294
198801,2.2218,4.8707,6.2758,2.0525,5.6668,7.9771
198802,8.4398,7.9696,7.1324,5.4123,4.5956,3.473
198803,3.6934,3.9615,3.2707,-3.0781,-3.2204,-1.2173
198804,1.3469,1.9725,2.55,-0.6483,2.0859,1.5508
198805,-2.9836,-1.7367,-0.4338,0.0117,0.6304,2.114
198806,7.7356,6.8083,6.3479,4.7797,5.6218,3.9799
198807,-2.3172,-0.2547,0.3163,-1.539,-0.2824,0.2339
198808,-4.1209,-1.6598,-1.3949,-2.8763,-3.127,-1.356
198809,2.6312,3.0537,2.7014,5.0695,3.4711,3.6335
198810,-2.05,-0.0113,0.5872,2.2705,1.933,3.0337
198811,-3.8522,-2.6113,-2.5999,-1.6852,-1.8554,-0.3381
198812,4.0078,3.9609,2.9482,2.769,1.5733,0.7443
198901,4.3616,4.5195,5.3753,7.0719,6.5742,7.0291
198902,0.4551,0.8429,1.2585,-2.3386,-2.0583,-1.3437
198903,2.586,2.9665,3.4429,2.5152,1.6484,2.6064
198904,4.7605,4.3811,3.9054,6.0028,4.7736,4.023
198905,4.7442,3.6565,3.7815,4.8089,3.5536,3.9659
198906,-3.1577,-0.7417,0.0091,-0.9621,-0.3309,0.4033
198907,4.4574,4.1197,3.3873,10.6775,7.1918,6.1742
198908,2.6058,2.8665,2.5507,1.1157,2.9531,2.434
198909,1.3869,0.0187,-0.8449,0.4595,-0.8329,0.1851
198910,-5.0851,-5.7675,-6.389,-1.4268,-3.824,-2.2532
198911,0.7186,0.6537,-0.1017,2.3018,1.7803,0.9914
198912,0.1708,-0.4816,-0.233,1.6534,2.5132,2.4801
199001,-9.2026,-7.6987,-7.9002,-7.4995,-6.2782,-7.2429
199002,3.2016,2.6801,2.2826,0.3427,2.21,2.5633
199003,4.3861,4,2.1499,4.174,1.3624,0.3513
199004,-2.962,-3.0225,-4.3951,-0.9601,-3.4409,-4.4743
199005,8.4938,6.5495,4.1357,10.8186,8.6364,7.3994
199006,1.1483,0.4433,-0.0619,1.2276,-2.439,-1.5331
199007,-4.5015,-3.6972,-4.3373,-1.2955,0.0396,-1.6799
199008,-14.7445,-12.2596,-11.2647,-9.7199,-7.9018,-9.9381
199009,-10.2419,-8.3435,-8.2462,-5.7746,-3.6646,-6.3411
199010,-5.8376,-5.6654,-5.95,0.3428,-1.9827,0.8279
199011,9.0134,6.4996,4.8732,7.3945,6.8018,5.1106
199012,4.1766,3.5771,2.582,3.7425,2.4213,1.907
199101,9.3665,8.224,7.7034,6.2976,3.2208,4.4883
199102,11.7002,10.3047,11.3181,7.8526,6.4494,7.1336
199103,7.7166,5.4299,6.4304,4,1.1707,2.6507
199104,-0.7201,1.3713,1.6756,-0.247,0.798,0.3108
199105,4.2784,4.837,2.6278,4.7355,2.7937,5.2501
199106,-5.3568,-3.2344,-4.0613,-4.8961,-4.2574,-3.7341
199107,4.2302,3.5476,3.0175,5.4259,4.0311,4.1339
199108,4.4836,3.0776,4.2766,3.3431,1.8379,1.884
199109,1.2652,0.6045,-0.9996,-2.2095,0.0528,-1.8986
199110,3.0763,2.5754,1.8925,1.503,1.661,1.7538
199111,-4.9224,-3.5998,-5.5273,-2.4938,-4.5263,-5.5962
199112,10.2238,6.6996,7.4145,14.4373,7.6499,9.0233
199201,7.5565,7.5297,10.5701,-2.2656,-1.4819,3.9355
199202,0.7773,2.8588,6.9783,0.3695,0.7476,6.8997
199203,-6.3053,-1.2308,-0.7421,-2.7728,-1.2726,-1.1133
199204,-5.495,-2.4674,-1.0333,0.1665,4.9645,4.2393
199205,-0.664,0.9654,2.4812,0.8801,0.4618,0.241
199206,-6.1501,-3.1992,-2.7607,-2.4919,-1.1594,0.8297
199207,2.5834,3.2653,4.0129,4.3443,4.6184,2.1706
199208,-4.349,-1.4664,-2.733,-1.1367,-2.1435,-4.88
199209,1.4725,2.5339,1.3674,1.6195,0.8717,1.1567
199210,4.4138,2.4184,1.742,2.3903,-0.946,1.0396
199211,9.5703,6.5602,6.7048,4.5783,2.5445,4.6464
199212,2.5074,3.6978,4.9693,0.6938,2.1006,3.4902
199301,1.2543,4.1339,6.4419,-1.1036,1.455,5.5458
199302,-6.4345,-0.0933,1.0138,-2.2859,4.0993,3.0926
199303,1.9836,2.7277,3.5919,1.7773,3.061,2.7876
199304,-3.7628,-2.5133,-2.6288,-5.023,-0.7955,-1.1196
199305,6.6359,3.3349,3.0447,4.0034,2.3636,0.697
199306,0.6216,0.5621,1.5266,-1.0185,1.1716,3.5088
199307,-0.4111,1.529,2.0552,-1.9832,1.3129,1.181
199308,3.8217,4.8355,3.4029,3.4918,3.9539,4.1644
199309,3.2945,2.3333,2.4627,-0.9616,0.6284,-0.637
199310,3.9579,1.6154,2.7665,3.292,-0.1105,-0.9568
199311,-3.2017,-2.8255,-2.4712,0.0713,-2.6937,-2.2071
199312,2.6718,3.8809,2.5974,1.4335,1.8347,2.2193
199401,1.8652,2.9614,4.9022,2.4287,4.4498,1.6588
199402,-0.9438,0.8857,-1.1403,-1.7696,-3.0739,-4.7446
199403,-6.2693,-4.7942,-4.3075,-4.6762,-3.8937,-3.3823
199404,-0.8897,0.6659,1.3828,0.6081,1.8348,1.6508
199405,-2.6743,-1.0263,0.1339,1.4042,1.5042,-0.0926
199406,-4.7653,-2.3873,-1.7716,-3.1245,-1.8549,-2.6707
199407,1.6371,1.077,2.1686,2.876,3.9435,3.4646
199408,7.3103,4.8406,3.9452,5.2204,2.9645,3.641
199409,0.6183,-0.2685,-0.0222,-1.443,-3.0447,-4.5385
199410,0.4802,0.001,-1.5701,2.0016,2.8745,0.7338
199411,-3.9471,-3.1834,-3.6773,-3.2203,-3.5178,-4.8625
199412,0.8677,1.655,1.5773,1.524,1.2596,0.4214
199501,-1.0435,-0.4228,0.8954,2.2018,2.4615,5.3418
199502,3.4562,3.3119,4.3155,3.8652,3.8933,5.2499
199503,2.9366,1.7444,1.302,2.9741,3.1957,0.3147
199504,1.0279,2.7629,3.2948,2.3426,2.8433,3.4876
199505,0.8065,1.6383,2.868,3.2691,4.0379,5.6698
199506,7.7285,4.5712,4.284,3.4567,1.8053,1.9059
199507,8.0194,4.8207,4.8265,3.796,3.914,3.7288
199508,2.0756,2.693,3.9922,0.0054,0.903,3.7677
199509,2.3147,1.9864,1.6874,4.4953,3.1983,5.1583
199510,-5.62,-5.3043,-3.7902,0.316,-1.1378,-2.4331
199511,3.5605,3.3495,3.6421,4.1711,4.6633,5.3046
199512,2.1161,2.2689,2.2334,0.7506,2.6399,1.2963
199601,0.3392,0.3045,0.6654,3.1137,2.8802,3.2187
199602,4.908,2.2827,2.8008,1.7308,1.3284,1.5137
199603,2.54,2.4968,2.6374,0.326,1.9479,0.8468
199604,8.5921,5.1344,4.6284,2.5421,1.7345,-1.6457
199605,5.9599,4.5148,5.3882,3.4197,0.8151,2.3978
199606,-6.0973,-2.9863,-2.3297,0.1239,-0.6858,0.8735
199607,-13.8071,-6.9015,-5.4108,-5.6342,-3.826,-3.7164
199608,7.0961,4.949,4.468,2.1551,3.8089,3.2316
199609,5.342,2.4751,3.2604,6.6564,4.0515,3.2261
199610,-5.2736,-0.2662,0.9927,0.7025,3.8195,4.2844
199611,1.7306,4.4223,3.9793,7.1773,7.3215,7.8497
199612,0.4455,2.5148,2.1981,-1.7512,-1.4931,-0.848
199701,4.1465,3.2155,2.9362,6.5461,4.6449,4.9041
199702,-6.4784,-0.7909,1.1822,0.0234,-0.0175,3.7717
199703,-8.551,-3.82,-1.8877,-5.3654,-2.4175,-5.161
199704,-3.1637,0.602,-0.3909,6.4026,4.053,3.8156
199705,15.5702,10.2566,8.398,6.8802,5.979,5.8951
199706,3.2567,5.6097,6.8907,4.3323,3.9166,3.9469
199707,5.1052,5.0658,5.6393,7.6955,8.6569,7.5697
199708,3.9492,3.4117,3.0696,-5.4839,-3.7303,-2.3583
199709,8.6898,7.9422,8.2432,5.036,6.101,6.0636
199710,-6.5278,-3.4854,-2.03,-3.2675,-3.268,-3.0983
199711,-3.4925,-0.9492,0.4713,5.1074,2.6369,3.6187
199712,-2.2836,0.64,2.335,1.2117,2.8224,4.6444
199801,-0.6275,-1.1429,-1.0496,2.558,-1.9875,-0.3207
199802,8.4067,7.2827,7.1287,7.0321,8.2627,6.7495
199803,4.1271,4.9222,4.7082,4.8869,5.0989,7.3878
199804,0.6786,1.3975,2.0579,0.8497,1.9408,1.2576
199805,-7.3517,-5.162,-2.4733,-2.1801,-2.413,-0.1921
199806,0.4272,-0.341,-0.2326,5.5318,1.6903,2.5832
199807,-7.8268,-7.3685,-7.3421,-0.8271,-2.167,-4.7234
199808,-24.3957,-18.2519,-18.7678,-13.6349,-18.6107,-12.1388
199809,9.0561,5.1004,3.6407,7.8839,3.2651,6.461
199810,4.4756,3.7677,3.3604,7.9569,8.3062,4.6605
199811,8.9652,5.8533,5.6133,7.0562,5.6538,4.0814
199812,6.6553,3.5183,2.7252,8.2632,2.471,3.7991
199901,3.9195,1.9875,1.1433,5.0031,1.1518,-1.546
199902,-8.9695,-7.1986,-8.4987,-4.4149,-0.9271,-1.074
199903,-0.2035,0.9592,-2.7897,4.0252,4.1471,1.0807
199904,9.1586,10.6896,9.1189,2.3348,7.6148,7.0628
199905,1.8049,1.0088,3.7925,-2.4832,-1.1268,0.2406
199906,6.7584,5.7704,6.2928,6.6375,2.4499,0.2958
199907,-1.191,-0.5617,-1.2438,-2.9848,-3.7718,-3.8829
199908,-2.8352,-3.1964,-3.2485,0.0556,-3.3543,-2.9692
199909,0.4795,-0.2209,-2.8644,-1.764,-5.6756,-5.2525
199910,0.6084,-0.4785,-2.5868,6.6762,7.5622,3.5557
199911,13.3701,6.3387,4.3309,4.215,-2.795,1.1198
199912,18.2553,9.0854,6.5634,8.3771,1.0405,3.2767
200001,1.0652,-1.09,0.5497,-4.832,-3.939,-7.8158
200002,27.058,16.0479,13.3588,1.3319,-5.5798,-2.858
200003,-12.4271,-4.7371,-1.2303,8.5899,10.7687,12.7131
200004,-14.9087,-6.0813,-4.4343,-4.3047,-0.362,0.0456
200005,-8.0316,-5.4717,-4.9404,-3.4615,0.5474,3.4663
200006,17.4896,9.3703,8.7014,4.8381,-4.8427,-2.8232
200007,-7.2209,1.244,1.8833,-3.0493,3.79,4.638
200008,8.8249,5.209,6.6358,7.6526,8.0587,6.9052
200009,-7.4195,-0.6117,-0.3784,-5.9534,1.6585,1.5662
200010,-8.4674,-1.3821,-1.6738,-2.0764,-0.3726,2.543
200011,-16.7323,-4.3973,-2.7862,-10.6084,-3.2984,0.5056
200012,2.6899,8.9149,8.5936,-0.1868,8.9429,9.2459
200101,12.798,5.2068,6.6313,3.505,1.8418,-0.98
200102,-12.5233,-0.6908,0.0678,-11.214,-0.8116,1.3505
200103,-7.7523,-0.9175,-1.5288,-8.0574,-1.421,-1.2434
200104,10.3384,5.0245,5.0113,8.9837,4.8477,4.7177
200105,3.9292,4.6281,6.2971,0.4188,2.1284,4.7252
200106,6.3216,4.7265,3.1359,-2.1996,-1.0429,-1.3252
200107,-9.3345,-4.6149,-0.9899,-1.7174,-1.1552,0.6283
200108,-7.4266,-2.6588,-1.4748,-6.9075,-3.8959,-8.1933
200109,-17.1235,-13.3565,-14.0809,-8.1637,-9.5667,-8.0722
200110,11.2487,5.5105,4.5462,3.3418,0.5259,-5.2769
200111,9.0033,7.3724,9.0152,7.9191,6.6955,12.2213
200112,6.7057,6.845,6.8196,0.6766,2.9538,2.3712
200201,-5.1424,0.3014,3.2929,-0.9196,-1.5758,-2.5897
200202,-8.0625,-1.4642,-1.0042,-2.4102,0.1404,-5.047
200203,8.8589,7.7091,9.8071,3.5822,5.5601,4.7984
200204,-4.0089,2.3609,4.1595,-7.1057,-0.5427,-7.3559
200205,-6.6957,-3.6836,-2.6374,-1.3601,0.4038,-2.283
200206,-7.1387,-3.3065,-2.4228,-7.4412,-5.9674,-12.0681
200207,-14.7108,-14.474,-15.1297,-6.4594,-8.7265,-13.458
200208,-0.439,0.4082,-0.5989,-0.0985,1.7595,6.5247
200209,-8.2993,-7.6239,-7.0138,-10.8214,-10.1809,-9.1172
200210,6.7611,4.5051,0.4796,9.7958,4.3414,7.9308
200211,13.2839,8.3393,7.4314,5.3649,5.8235,8.1884
200212,-8.7294,-4.6781,-3.614,-6.2042,-4.0228,-6.753
200301,-2.3872,-2.5654,-1.4036,-2.8465,-1.7926,-5.556
200302,-3.9438,-1.9201,-3.7024,-1.4429,-2.3911,-4.353
200303,1.9317,0.439,0.7874,1.5875,0.3559,-1.5677
200304,11.0906,9.4619,9.2693,7.7715,8.7584,11.3742
200305,13.2327,10.8476,10.1137,5.0192,7.3635,8.3506
200306,2.3168,2.4225,3.7627,1.3202,1.2694,0.6632
200307,8.1366,5.8152,7.0022,1.7643,2.7578,0.7377
200308,4.9091,4.5722,6.2501,2.123,1.4953,4.0007
200309,-1.587,-2.0315,0.7563,-1.1436,-0.4718,-3.3857
200310,8.4172,7.8713,10.7388,5.2028,7.1886,6.7165
200311,2.8482,3.7043,4.5443,0.8093,1.6084,2.7125
200312,0.9981,2.6186,2.9225,4.6112,4.3633,5.8513
200401,3.8913,3.4614,7.1747,1.4557,2.412,3.0719
200402,0.4288,0.9154,0.2911,1.0837,2.2929,2.945
200403,1.333,0.4056,0.4043,-1.8727,-0.7738,-0.4738
200404,-3.4577,-3.2102,-6.1284,-0.2108,-3.7231,-3.678
200405,1.0299,1.2501,0.6003,1.2454,1.2598,1.1048
200406,3.1132,5.0122,4.4132,1.5071,1.512,2.6755
200407,-9.5732,-5.6346,-5.1925,-4.3582,-2.3218,-2.1789
200408,-2.2364,-0.4454,-0.7039,-0.2883,1.4615,0.1089
200409,5.5689,5.1491,3.5629,0.8375,1.7173,2.7108
200410,2.7456,1.7379,1.1411,1.5883,1.0352,2.6164
200411,8.5055,8.5953,8.8189,3.7038,4.799,6.2466
200412,4.3584,2.4963,3.7545,3.5336,3.4966,3.7818
200501,-5.3319,-3.3409,-2.6504,-3.0899,-1.3403,-1.7438
200502,0.7175,2.0256,2.9266,2.1361,2.0112,3.178
200503,-4.2202,-2.3627,-1.3505,-1.2858,-2.736,0.1289
200504,-6.3059,-6.1153,-5.7497,-1.7194,-2.3536,-2.1842
200505,7.391,6.2982,5.6092,3.6716,3.1023,4.1379
200506,2.6697,4.0809,4.6902,-0.8033,1.7809,2.8246
200507,7.0419,6.8734,5.9049,4.5655,2.5938,4.0499
200508,-2.2748,-1.1329,-1.1969,-1.2367,-0.8938,0.4553
200509,0.3378,0.962,0.1725,0.3725,1.0748,2.0094
200510,-4.0318,-2.5955,-2.1747,-1.2417,-1.7868,-2.2046
200511,5.1316,4.5167,4.0007,4.12,3.7088,2.9214
200512,0.0067,-0.3549,-0.338,-0.7324,1.3376,0.0837
200601,8.6563,9.4367,7.9658,1.8181,3.5579,4.4914
200602,-0.6501,-0.1184,-0.4372,-0.1224,0.8859,-0.8461
200603,4.112,5.1169,5.5837,1.6804,1.0758,1.5746
200604,-0.6242,1.0261,0.8982,0.0178,2.2802,3.2324
200605,-7.7123,-4.8927,-4.0354,-2.9089,-2.7657,-1.6892
200606,-0.7271,0.4246,0.13,-0.1241,0.1837,0.8623
200607,-5.9487,-2.7497,-2.1591,-0.798,1.1471,0.7571
200608,3.3592,2.5378,2.5885,3.3078,1.9964,0.1095
200609,1.0637,0.8706,1.2917,2.5206,2.367,2.2156
200610,6.0735,5.1917,4.5541,3.3989,2.9588,4.3157
200611,2.6937,2.824,2.7813,1.8544,2.2065,1.9034
200612,-0.5923,0.7122,1.9964,0.3605,1.9768,3.2042
200701,2.5951,0.8918,1.9142,1.9164,1.8107,1.2082
200702,-0.133,0.0331,-0.9855,-1.9653,-1.5514,-1.4477
200703,1.6761,1.3108,0.3677,0.8512,1.7826,0.4952
200704,2.7376,2.0674,1.018,4.8635,3.6629,3.8318
200705,4.4694,3.712,3.1462,3.2258,3.9985,3.2828
200706,-0.5312,-1.1288,-1.6365,-1.1085,-2.3249,-2.1961
200707,-4.7684,-5.7666,-7.8022,-1.3825,-4.1554,-5.4442
200708,1.5294,2.3733,-0.7639,1.5802,2.0329,0.0505
200709,2.5829,0.9459,0.068,4.9346,2.2918,3.0234
200710,3.7573,1.7093,0.4649,3.1449,1.4047,0.6267
200711,-7.2384,-6.6228,-7.8263,-3.1635,-5.5474,-4.5669
200712,0.275,-0.6786,-0.8808,-0.4067,-0.8815,-0.4244
200801,-8.1573,-6.3103,-4.1252,-7.2026,-4.8206,-3.8885
200802,-4.4166,-2.8455,-3.7581,-2.1064,-3.5608,-4.5309
200803,-1.8753,1.16,0.1571,0.6761,-2.5413,-1.0664
200804,4.9317,3.4505,1.6905,3.7147,6.0786,5.0448
200805,5.6027,5.5091,2.9895,2.2706,0.6911,1.9892
200806,-7.2337,-7.3844,-8.9858,-7.0384,-9.4072,-10.8165
200807,2.3858,2.833,4.9116,-1.1354,-3.0059,6.8695
200808,3.2323,3.867,6.8154,1.4674,1.0466,0.7838
200809,-11.0905,-7.3451,-6.702,-9.7129,-9.9317,-1.9525
200810,-21.9799,-19.1871,-20.5428,-15.4528,-17.0767,-21.6237
200811,-11.7438,-10.9588,-14.3837,-6.1321,-6.3831,-16.1028
200812,4.8335,4.4879,5.3874,1.679,1.0772,1.4093
200901,-7.8659,-9.8988,-15.7133,-5.4263,-9.2175,-19.8196
200902,-9.6625,-11.1495,-15.0169,-7.957,-11.8853,-16.6633
200903,9.2988,10.1362,11.0215,8.3193,8.7256,13.4052
200904,16.4419,16.2917,17.8966,7.9142,10.4207,16.8748
200905,3.5967,3.0879,2.6312,4.5763,6.1095,6.5247
200906,5.3139,1.6948,0.8761,0.8949,-0.9846,0.0863
200907,6.9891,10.1822,13.5005,6.7304,8.2715,9.9683
200908,1.1301,3.0369,8.0271,1.7236,3.9462,9.8335
200909,6.3897,5.7699,7.354,3.422,4.6454,4.2303
200910,-6.9672,-6.2119,-9.0367,-0.4345,-2.8112,-6.4167
200911,1.8379,1.9126,4.0687,6.6358,4.717,3.899
200912,8.5415,7.9996,8.5593,1.9289,3.0892,1.6966
201001,-3.617,-3.1007,-2.7969,-4.2416,-1.9816,-4.406
201002,3.4233,3.9894,7.4925,3.0533,2.9212,5.3549
201003,6.9896,8.1227,8.8474,5.2541,6.7623,7.6203
201004,3.7769,6.3884,9.2443,0.8827,2.7127,1.2276
201005,-6.0499,-7.0417,-10.2881,-7.3798,-8.5047,-7.9214
201006,-5.9045,-7.4464,-10.8313,-4.4379,-5.667,-8.5528
201007,6.8004,6.7396,7.1354,6.7238,7.7464,5.6734
201008,-7.1648,-7.6859,-8.6704,-4.1195,-3.9304,-6.4137
201009,14.0644,12.776,10.8473,10.0743,8.9784,6.8346
201010,4.3772,4.2258,3.5428,4.5965,3.8366,0.5054
201011,3.6969,4.146,3.3748,0.5385,0.3756,-1.0367
201012,7.2866,8.2986,9.3445,4.9484,7.7752,10.176
201101,-0.5043,0.0897,0.3488,2.0475,2.5909,2.8445
201102,5.1003,5.2704,5.6559,2.5364,4.3367,4.5663
201103,3.3307,2.8854,1.5465,0.1706,1.4033,-1.5654
201104,3.3034,2.128,1.047,3.7592,2.669,1.1542
201105,-1.4952,-1.9996,-3.1959,-0.5681,-1.4126,-2.9772
201106,-1.7997,-2.0735,-1.8569,-1.4314,-1.767,-2.2125
201107,-4.6051,-4.1437,-3.0903,-0.7797,-2.8928,-4.0507
201108,-9.1138,-8.9122,-9.9379,-4.0435,-6.4958,-8.3318
201109,-11.1594,-11.5163,-10.7819,-6.3325,-6.9625,-10.1272
201110,15.7007,15.5385,13.2349,9.859,12.0631,12.579
201111,-1.7641,-0.2957,-0.1996,-0.1171,0.9233,-2.6405
201112,-0.6934,0.738,1.1318,-0.1633,1.9428,1.3766
201201,8.229,6.8453,5.9586,5.5048,3.2716,5.9712
201202,3.4066,2.3676,3.0229,4.6722,3.6675,5.9821
201203,2.3055,2.7993,3.1121,3.7163,1.1954,5.339
201204,-1.3507,-2.176,-0.8542,-0.5228,-0.1293,-2.5586
201205,-6.4592,-6.3882,-6.1023,-5.5107,-5.9788,-7.955
201206,6.003,4.0641,4.9511,2.8912,4.6981,5.0988
201207,-3.1617,-0.8242,-1.5866,1.2556,1.4493,-0.42
201208,3.3525,3.2299,3.5067,2.3852,1.8176,4.4746
201209,3.2193,3.6119,3.9937,1.9066,3.1757,4.2603
201210,-3.9397,-1.3566,-0.7774,-2.5489,-1.7615,1.5158
201211,0.9349,1.0088,0.7392,1.1476,0.2564,-0.3151
201212,2.5207,3.3867,4.3748,-0.2373,1.2006,4.9657
201301,6.9549,6.2411,5.936,4.4926,6.0851,7.4655
201302,0.9099,0.7739,1.1745,1.365,1.3817,1.3593
201303,5.109,4.597,4.412,3.8022,4.0387,4.0375
201304,-0.8649,-0.9766,-0.0967,1.8308,1.3247,2.1195
201305,5.0176,5.1752,5.228,1.9617,1.4982,6.9794
201306,-0.3233,0.3273,-0.4499,-1.7594,-0.3529,-1.8091
201307,7.3823,7.1798,7.8421,5.6273,4.8999,6.2864
201308,-1.0966,-3.4003,-3.8529,-1.7741,-3.1238,-4.3361
201309,6.2946,6.3521,5.6278,4.046,3.1467,2.4148
201310,1.0958,3.1449,3.9163,4.1881,4.7738,3.7908
201311,5.0473,3.9986,4.3289,3.3427,1.8125,4.6484
201312,1.8465,2.5795,1.8128,2.1515,3.7563,2.095
201401,-0.2301,-4.0284,-3.7361,-3.3419,-3.3945,-3.8691
201402,4.055,4.671,5.1006,4.9793,4.7187,3.2128
201403,-3.4584,1.2758,1.3366,-0.5368,0.7746,4.4614
201404,-6.4008,-3.0031,-2.8277,0.4105,0.9229,-0.9285
201405,-0.7964,0.9635,-0.0125,2.4757,1.9484,1.4443
201406,7.1982,4.9874,4.4989,1.6382,2.814,2.9927
201407,-6.2659,-6.4145,-5.409,-1.4226,-1.5992,-2.2456
201408,4.93,4.107,4.5147,4.8387,3.2063,4.4199
201409,-4.6996,-5.3194,-6.457,-0.9017,-2.4823,-1.897
201410,7.5415,5.9017,5.2246,2.7665,1.5803,1.4864
201411,1.7753,-0.225,-1.0435,3.6862,2.5672,0.3726
201412,2.0818,2.8979,3.2121,-1.3175,0.0679,2.0116
201501,-2.7861,-4.9202,-5.1018,-1.5879,-3.2891,-6.394
201502,7.5447,6.891,5.0259,6.54,5.926,5.4413
201503,2.0964,1.7145,1.1062,-1.3946,-1.5333,-1.2259
201504,-3.2308,-2.0961,-0.6955,0.2828,1.2929,1.5105
201505,2.7812,2.7173,0.913,1.2914,1.4754,0.9625
201506,2.5933,0.2813,0.5615,-1.8479,-1.9665,-1.2902
201507,-0.1261,-2.3895,-5.6459,2.9985,1.0151,0.0936
201508,-9.0534,-4.6248,-3.322,-6.3413,-5.3707,-6.6183
201509,-7.6692,-4.6232,-4.857,-2.1574,-2.9847,-4.1813
201510,4.6508,6.4338,5.8152,8.0669,8.3651,6.4006
201511,5.8397,3.3134,3.7178,0.5054,-0.3144,1.6428
201512,-4.0162,-4.9244,-6.7274,-1.3675,-2.1571,-3.5611
201601,-13.8546,-7.7671,-6.8934,-5.2517,-5.0138,-8.1841
201602,-0.571,0.9129,0.5271,0.0201,0.6167,-2.2649
201603,7.8002,7.9217,8.3807,6.5606,6.8798,8.2016
201604,2.5014,1.1823,3.7591,-0.5615,1.1863,4.734
201605,2.2118,1.2688,0.4103,2.0933,1.9306,0.6866
201606,0.2218,-0.373,0.0318,-0.0074,0.5889,-2.6237
201607,7.1118,5.7401,5.8547,4.9289,2.2394,3.7247
201608,1.1198,2.6825,3.388,-0.4557,0.3666,3.887
201609,3.1379,1.3683,1.5722,0.4401,-0.0763,-0.4118
201610,-8.1686,-5.174,-3.0962,-1.963,-2.2918,1.1063
201611,8.9908,12.2477,14.8065,1.8983,5.2072,12.5207
201612,-0.4478,2.9277,4.5093,1.4125,1.7753,3.4772
201701,2.0683,-0.0551,-0.6152,3.3351,0.8549,0.3967
201702,3.6359,1.0068,0.3284,4.3293,2.6196,4.0512
201703,2.2622,0.2134,-0.6746,1.1554,-0.2985,-2.5621
201704,1.9503,1.4245,0.6614,2.048,0.7038,-0.878
201705,-1.0768,-1.5784,-3.7965,2.9501,0.0984,-1.6701
201706,4.7184,3.0806,3.2822,-0.13,0.5664,4.2085
201707,0.7422,0.6508,0.4732,2.5339,1.6505,2.091
201708,-0.5354,-1.9955,-2.4007,1.324,-0.1829,-1.1994
201709,5.45,8.3809,8.2861,1.305,2.6494,4.748
201710,0.3554,0.2956,0.9697,3.1935,1.462,2.8194
201711,2.7215,2.7441,2.6487,3.3056,3.3518,3.1943
201712,0.7999,-0.7058,0.0613,0.8725,1.185,1.9534
201801,3.1325,3.0721,1.7262,6.4717,5.4768,5.2406
201802,-3.0383,-3.8737,-3.5542,-2.5602,-4.738,-4.0614
201803,1.3168,0.8931,2.0292,-2.3899,-2.1883,-3.334
201804,1.2052,1.1551,2.2784,0.626,0.0658,0.5499
201805,7.9726,7.4795,5.8739,3.8816,1.9262,-0.3257
201806,2.8635,0.3931,0.5913,1.0601,0.5012,-1.2969
201807,1.3654,2.1574,1.1062,3.2459,3.3655,4.6413
201808,5.6399,3.3219,2.3348,5.3511,1.6776,0.8216
201809,-1.8473,-2.6965,-2.7535,0.6518,0.6062,-1.7093
201810,-13.3811,-11.5271,-9.1071,-8.1914,-5.9242,-5.5468
201811,1.0361,1.9941,0.9152,1.5092,2.2499,2.3098
201812,-12.1709,-12.0774,-12.6433,-8.2713,-9.6089,-11.5819
201901,12.9277,10.3632,11.0384,8.1628,8.3575,9.1313
201902,6.4202,5.1986,3.5637,3.7696,3.8396,1.2069
201903,-0.6456,-2.8345,-4.2894,2.8398,0.442,-1.8955
201904,2.382,4.1229,3.1189,4.0356,3.5085,7.3348
201905,-7.1776,-8.0423,-9.919,-6.4776,-6.8151,-8.2951
201906,8.2653,7.6925,6.3534,7.1241,7.0595,7.463
201907,-0.8092,0.6218,-0.9412,1.8013,0.7047,2.6112
201908,-4.1623,-5.9588,-8.1784,-1.0232,-3.3849,-6.7038
201909,-2.6128,3.938,5.4743,0.3283,3.8422,5.7881
201910,4.3401,2.5975,0.6409,2.5953,1.7216,2.5442
201911,6.3069,3.2256,3.6766,4.3802,3.2056,2.9017
201912,2.5487,4.2933,4.8444,2.7746,2.6054,4.3029
202001,-1.7314,-4.3861,-8.1275,1.6675,-2.2024,-4.4681
202002,-6.0399,-8.8122,-10.0866,-7.0404,-10.127,-10.8283
202003,-18.8715,-21.5397,-28.5829,-8.9873,-17.7189,-27.1868
202004,18.5809,13.2759,15.8195,14.3798,10.6722,14.362
202005,11.5212,4.7592,4.1501,6.0425,3.5868,3.3201
202006,5.6547,2.2866,3.4234,3.5293,-1.3425,1.0626
202007,1.9576,2.8825,2.7738,7.2053,3.3206,3.6168
202008,7.0645,4.7107,5.3625,9.5044,3.0598,5.3217
202009,-0.7754,-4.347,-5.7225,-4.2192,-2.5003,-4.297
202010,0.9988,2.3596,6.1579,-2.9304,-0.852,-0.0315
202011,22.814,17.4544,19.3737,10.5768,14.3923,18.2273
202012,12.5171,7.9464,8.5283,4.4932,4.3147,5.7637
202101,5.7175,5.2626,10.0531,-0.6429,-0.6081,0.724
202102,5.84,9.569,9.3848,0.4247,6.9852,11.04
202103,-2.7927,2.9487,7.0782,2.3297,5.0789,7.2534
202104,2.3717,1.5708,1.5547,6.0725,3.311,5.398
